reservation_id,book_id,member_id,reservation_date,status
1,370,173,2024-08-15,Pending
2,844,159,2024-02-08,Pending
3,922,22,2023-11-27,Pending
4,285,459,2025-07-14,Pending
5,618,92,2025-07-10,Completed
6,357,194,2024-10-24,Completed
7,717,442,2024-03-21,Pending
8,982,477,2024-12-22,Cancelled
9,576,87,2024-06-07,Completed
10,275,331,2025-07-10,Completed
11,352,330,2024-01-04,Pending
12,52,191,2024-04-07,Cancelled
13,308,430,2024-05-10,Completed
14,67,238,2025-07-15,Pending
15,649,312,2024-03-26,Pending
16,987,35,2024-08-10,Completed
17,512,160,2023-11-05,Completed
18,1000,245,2024-04-27,Cancelled
19,675,235,2025-01-16,Pending
20,138,458,2024-10-13,Pending
21,478,464,2024-07-05,Cancelled
22,208,278,2025-01-03,Completed
23,945,47,2024-04-07,Completed
24,617,252,2025-05-03,Cancelled
25,368,435,2024-12-15,Cancelled
26,887,68,2024-07-10,Pending
27,907,255,2023-12-28,Cancelled
28,733,120,2024-04-21,Pending
29,761,438,2024-10-16,Completed
30,896,112,2025-01-09,Completed
31,12,129,2023-09-27,Pending
32,632,320,2024-05-01,Pending
33,283,315,2025-05-13,Cancelled
34,867,307,2025-01-20,Completed
35,907,142,2023-12-05,Pending
36,629,478,2024-10-23,Completed
37,995,71,2025-07-04,Completed
38,224,132,2024-12-01,Cancelled
39,661,46,2024-12-16,Pending
40,529,257,2024-11-23,Completed
41,533,399,2024-02-29,Cancelled
42,455,65,2023-08-05,Completed
43,501,418,2024-12-26,Cancelled
44,795,88,2024-02-12,Completed
45,891,178,2024-02-08,Cancelled
46,520,83,2024-03-29,Completed
47,919,399,2024-02-08,Completed
48,145,252,2025-03-11,Cancelled
49,957,492,2024-10-18,Pending
50,611,196,2024-07-21,Completed
51,921,483,2025-02-03,Cancelled
52,211,475,2024-06-01,Cancelled
53,916,171,2023-08-28,Cancelled
54,871,484,2024-10-11,Completed
55,321,100,2024-01-14,Cancelled
56,12,464,2024-11-02,Completed
57,628,221,2025-03-19,Cancelled
58,618,411,2025-05-08,Pending
59,578,175,2024-02-20,Completed
60,194,342,2024-10-25,Cancelled
61,27,168,2024-10-17,Completed
62,586,6,2023-10-09,Pending
63,33,127,2024-08-10,Completed
64,427,183,2024-03-17,Cancelled
65,733,284,2025-06-26,Pending
66,391,475,2023-09-22,Pending
67,314,155,2025-01-22,Completed
68,61,192,2024-01-04,Pending
69,406,167,2023-12-16,Pending
70,164,238,2024-09-18,Completed
71,430,423,2024-12-04,Completed
72,754,420,2023-12-02,Cancelled
73,883,413,2023-11-16,Completed
74,642,233,2024-02-08,Pending
75,119,98,2024-05-08,Completed
76,193,351,2024-09-01,Cancelled
77,795,333,2024-12-22,Cancelled
78,42,391,2023-08-25,Cancelled
79,8,283,2024-06-09,Completed
80,728,472,2025-01-12,Cancelled
81,788,314,2024-07-24,Pending
82,990,310,2025-02-20,Pending
83,365,322,2024-03-29,Completed
84,36,404,2024-12-21,Completed
85,166,72,2025-01-13,Completed
86,458,450,2024-06-11,Cancelled
87,201,500,2025-07-03,Pending
88,708,43,2023-08-13,Cancelled
89,274,454,2024-12-11,Completed
90,973,401,2024-08-08,Pending
91,838,131,2024-11-20,Cancelled
92,755,199,2025-03-27,Cancelled
93,392,108,2024-04-11,Completed
94,650,226,2023-10-14,Completed
95,854,400,2025-03-16,Pending
96,428,219,2023-12-16,Pending
97,383,43,2024-02-24,Cancelled
98,828,346,2024-08-31,Pending
99,117,474,2023-10-11,Cancelled
100,417,191,2023-10-04,Completed
101,915,323,2023-10-30,Cancelled
102,459,366,2024-05-04,Completed
103,73,320,2023-09-07,Pending
104,849,61,2024-09-11,Pending
105,772,494,2024-08-31,Completed
106,138,355,2025-07-12,Pending
107,613,443,2024-10-30,Pending
108,324,204,2023-12-13,Cancelled
109,720,94,2023-09-24,Completed
110,395,270,2024-01-04,Cancelled
111,330,237,2025-01-27,Pending
112,405,244,2024-01-01,Cancelled
113,128,44,2025-03-05,Cancelled
114,990,490,2025-04-30,Pending
115,268,448,2023-07-27,Cancelled
116,69,319,2024-09-16,Pending
117,328,465,2025-04-11,Cancelled
118,688,494,2023-12-18,Cancelled
119,422,71,2024-06-20,Pending
120,577,260,2024-07-24,Completed
121,762,331,2024-09-12,Pending
122,688,101,2024-01-23,Pending
123,705,364,2025-04-29,Cancelled
124,710,453,2025-03-04,Completed
125,923,258,2023-08-19,Pending
126,516,5,2025-06-04,Cancelled
127,262,288,2025-06-12,Cancelled
128,88,192,2025-05-06,Completed
129,773,390,2024-11-28,Cancelled
130,636,90,2024-10-05,Pending
131,443,135,2025-06-01,Completed
132,314,429,2025-01-31,Pending
133,11,121,2024-09-15,Cancelled
134,370,4,2024-10-28,Cancelled
135,996,323,2024-09-07,Cancelled
136,308,155,2024-10-13,Completed
137,615,369,2025-07-10,Pending
138,963,498,2024-01-29,Pending
139,522,327,2023-10-26,Completed
140,705,491,2024-07-28,Cancelled
141,590,361,2024-12-02,Cancelled
142,214,54,2024-10-23,Completed
143,923,10,2024-12-29,Pending
144,86,252,2024-12-02,Cancelled
145,552,444,2024-01-18,Pending
146,472,189,2024-05-15,Cancelled
147,408,108,2023-11-05,Pending
148,44,279,2024-09-18,Pending
149,294,308,2023-08-28,Cancelled
150,69,180,2024-06-12,Cancelled
151,950,358,2024-12-18,Pending
152,947,11,2024-11-26,Pending
153,82,11,2024-10-17,Cancelled
154,670,498,2024-03-03,Cancelled
155,856,6,2025-02-26,Cancelled
156,940,198,2025-03-23,Cancelled
157,966,23,2025-07-08,Completed
158,299,400,2025-03-21,Pending
159,823,434,2023-11-28,Completed
160,434,196,2025-02-01,Cancelled
161,225,157,2024-07-08,Completed
162,846,350,2024-07-27,Pending
163,495,488,2024-08-20,Pending
164,590,434,2025-06-04,Cancelled
165,847,202,2024-09-01,Cancelled
166,299,462,2024-12-24,Pending
167,426,408,2023-12-22,Pending
168,479,441,2024-06-02,Pending
169,328,277,2025-07-19,Pending
170,959,188,2023-11-08,Pending
171,945,499,2024-07-04,Pending
172,833,89,2023-10-06,Cancelled
173,211,326,2025-01-12,Cancelled
174,153,78,2024-11-03,Cancelled
175,106,78,2024-07-12,Pending
176,478,108,2024-10-09,Cancelled
177,28,122,2024-12-15,Pending
178,144,452,2024-08-02,Cancelled
179,974,434,2023-11-26,Completed
180,436,287,2024-05-12,Pending
181,695,317,2025-06-05,Completed
182,827,307,2025-05-14,Pending
183,761,471,2023-12-05,Pending
184,295,388,2024-05-21,Completed
185,628,234,2025-07-09,Cancelled
186,714,386,2024-05-15,Pending
187,512,48,2024-11-18,Completed
188,525,9,2024-11-28,Completed
189,375,386,2025-02-05,Cancelled
190,971,412,2024-12-04,Cancelled
191,146,270,2023-11-02,Cancelled
192,286,241,2023-12-27,Cancelled
193,879,106,2024-08-14,Cancelled
194,666,125,2025-05-03,Cancelled
195,656,107,2025-04-21,Pending
196,657,471,2024-06-02,Pending
197,106,429,2025-04-11,Completed
198,989,491,2023-11-05,Pending
199,647,294,2024-10-26,Pending
200,500,81,2024-10-21,Completed
201,137,14,2024-09-29,Pending
202,204,262,2024-02-06,Cancelled
203,298,253,2023-08-22,Completed
204,236,318,2024-05-11,Completed
205,952,436,2024-01-01,Cancelled
206,168,13,2025-06-23,Completed
207,914,382,2024-08-12,Cancelled
208,498,193,2025-06-23,Cancelled
209,373,299,2023-11-01,Cancelled
210,905,363,2024-11-17,Cancelled
211,421,26,2023-10-15,Cancelled
212,3,362,2023-07-26,Pending
213,714,72,2025-03-11,Pending
214,895,22,2025-05-14,Pending
215,377,152,2025-01-30,Pending
216,957,84,2024-09-16,Pending
217,443,158,2025-07-21,Pending
218,454,234,2025-04-10,Pending
219,514,376,2024-07-24,Pending
220,735,391,2023-09-17,Completed
221,327,452,2025-01-03,Completed
222,841,233,2023-12-31,Pending
223,198,68,2024-09-16,Completed
224,564,193,2025-02-07,Completed
225,161,406,2024-03-30,Cancelled
226,720,287,2023-11-30,Pending
227,590,256,2024-10-04,Pending
228,545,271,2023-12-12,Pending
229,888,171,2024-03-25,Pending
230,22,500,2024-08-25,Pending
231,702,121,2024-12-21,Cancelled
232,895,344,2024-12-11,Cancelled
233,431,17,2023-08-23,Completed
234,27,398,2024-03-02,Cancelled
235,70,209,2024-12-04,Completed
236,822,130,2024-12-07,Cancelled
237,421,118,2024-07-11,Pending
238,611,267,2024-11-04,Pending
239,715,351,2024-03-05,Completed
240,346,31,2025-07-17,Cancelled
241,795,194,2024-01-28,Pending
242,324,191,2025-06-14,Pending
243,168,454,2025-07-14,Cancelled
244,889,258,2024-07-07,Completed
245,187,242,2024-04-24,Pending
246,122,168,2025-04-15,Completed
247,546,155,2023-11-25,Cancelled
248,932,414,2025-07-11,Pending
249,527,19,2025-04-29,Pending
250,651,156,2024-06-19,Cancelled
251,887,167,2023-07-29,Pending
252,689,174,2024-07-17,Pending
253,367,133,2024-06-04,Cancelled
254,261,76,2025-01-14,Completed
255,226,16,2024-09-07,Completed
256,958,459,2024-03-24,Pending
257,820,194,2023-08-03,Cancelled
258,783,422,2025-02-17,Cancelled
259,259,150,2024-10-11,Cancelled
260,794,204,2024-08-11,Cancelled
261,75,184,2023-09-10,Cancelled
262,2,240,2023-11-03,Cancelled
263,235,291,2023-11-11,Cancelled
264,870,361,2024-11-30,Completed
265,5,67,2025-04-01,Pending
266,66,290,2025-04-22,Cancelled
267,811,482,2025-07-03,Completed
268,778,274,2024-01-23,Pending
269,53,484,2025-05-21,Completed
270,335,254,2025-01-25,Cancelled
271,535,229,2023-07-31,Completed
272,390,90,2024-06-14,Pending
273,685,239,2024-11-24,Pending
274,46,102,2025-07-09,Completed
275,68,94,2023-08-21,Completed
276,971,286,2025-07-04,Cancelled
277,779,337,2023-07-26,Pending
278,734,333,2025-03-29,Completed
279,851,57,2024-01-13,Completed
280,882,271,2024-09-29,Completed
281,140,76,2025-07-19,Completed
282,447,182,2024-05-21,Cancelled
283,719,339,2024-12-15,Cancelled
284,706,23,2024-04-02,Pending
285,115,403,2023-11-23,Pending
286,323,120,2024-04-15,Completed
287,100,252,2025-07-16,Cancelled
288,491,445,2023-10-21,Pending
289,685,26,2024-07-08,Cancelled
290,967,192,2025-06-11,Completed
291,148,47,2023-08-20,Completed
292,661,443,2024-01-15,Cancelled
293,846,178,2025-05-28,Cancelled
294,601,261,2024-08-20,Pending
295,713,369,2023-12-07,Completed
296,568,454,2024-04-26,Cancelled
297,639,416,2025-06-14,Pending
298,571,500,2025-07-19,Pending
299,64,368,2024-11-26,Completed
300,440,424,2023-12-01,Completed
301,725,77,2025-02-15,Cancelled
302,18,237,2025-07-04,Cancelled
303,519,467,2024-05-12,Cancelled
304,564,201,2024-07-02,Pending
305,304,15,2024-07-13,Cancelled
306,60,76,2024-05-14,Completed
307,566,185,2024-08-14,Cancelled
308,740,97,2024-10-22,Cancelled
309,720,128,2024-12-28,Cancelled
310,733,412,2024-06-15,Pending
311,444,41,2025-05-23,Cancelled
312,564,232,2023-12-23,Pending
313,522,181,2024-06-25,Completed
314,598,202,2024-04-27,Cancelled
315,523,152,2024-08-23,Pending
316,70,462,2025-04-06,Completed
317,332,288,2025-02-18,Completed
318,808,406,2024-10-08,Completed
319,568,175,2025-03-19,Cancelled
320,334,155,2024-10-17,Completed
321,541,201,2024-01-20,Pending
322,773,280,2025-06-02,Completed
323,208,385,2024-05-07,Cancelled
324,433,277,2024-03-20,Completed
325,576,188,2024-12-14,Completed
326,452,463,2024-02-25,Completed
327,660,154,2024-06-22,Cancelled
328,194,71,2024-03-19,Completed
329,850,148,2024-05-19,Completed
330,972,115,2024-01-08,Pending
331,830,386,2023-12-25,Completed
332,287,463,2023-12-23,Completed
333,690,303,2024-07-14,Pending
334,985,253,2024-05-19,Cancelled
335,523,156,2024-06-18,Pending
336,185,79,2025-06-23,Pending
337,549,377,2025-04-25,Pending
338,970,239,2025-02-04,Pending
339,508,348,2023-11-25,Pending
340,691,17,2023-08-14,Pending
341,166,470,2024-05-07,Cancelled
342,991,412,2024-04-25,Cancelled
343,33,213,2024-01-22,Cancelled
344,837,209,2023-09-16,Completed
345,898,176,2025-06-20,Cancelled
346,799,476,2023-08-31,Cancelled
347,483,6,2023-12-06,Cancelled
348,962,308,2024-07-08,Completed
349,482,411,2025-01-31,Completed
350,784,198,2024-09-04,Pending
351,773,104,2025-05-20,Pending
352,902,37,2025-04-23,Cancelled
353,707,397,2024-12-07,Pending
354,548,6,2023-08-07,Completed
355,376,353,2025-04-30,Cancelled
356,312,258,2024-07-25,Cancelled
357,471,215,2024-04-06,Completed
358,358,350,2025-02-07,Pending
359,474,415,2023-08-21,Pending
360,695,174,2024-02-01,Completed
361,315,377,2024-08-10,Cancelled
362,978,271,2023-11-06,Completed
363,6,380,2024-08-02,Cancelled
364,829,165,2024-04-29,Completed
365,231,92,2024-05-29,Completed
366,765,192,2024-01-09,Completed
367,905,379,2024-07-14,Pending
368,953,420,2024-07-13,Completed
369,812,225,2023-08-03,Cancelled
370,733,311,2025-02-19,Completed
371,108,426,2024-12-31,Completed
372,817,92,2024-08-16,Completed
373,740,167,2024-08-03,Cancelled
374,817,313,2025-03-04,Pending
375,967,12,2025-01-06,Pending
376,174,203,2023-10-27,Pending
377,910,49,2024-06-03,Completed
378,519,401,2024-10-15,Cancelled
379,993,196,2024-05-11,Cancelled
380,850,192,2025-03-20,Pending
381,4,398,2024-01-10,Pending
382,406,465,2025-05-10,Cancelled
383,563,63,2024-11-14,Pending
384,237,382,2024-07-07,Completed
385,488,31,2024-06-22,Pending
386,829,109,2025-05-28,Cancelled
387,968,455,2024-03-22,Pending
388,667,1,2024-04-20,Completed
389,471,314,2025-04-17,Cancelled
390,467,94,2025-04-22,Completed
391,216,181,2023-10-30,Cancelled
392,357,183,2025-07-10,Cancelled
393,85,341,2025-04-14,Completed
394,370,339,2024-12-14,Completed
395,964,156,2024-03-20,Pending
396,41,480,2025-02-07,Cancelled
397,18,186,2025-01-19,Completed
398,637,424,2024-03-01,Completed
399,317,289,2024-06-15,Pending
400,4,31,2024-01-16,Pending
401,685,277,2025-06-13,Pending
402,195,226,2023-09-06,Pending
403,966,189,2024-06-03,Completed
404,782,80,2024-05-21,Completed
405,354,380,2024-11-30,Pending
406,999,138,2023-10-15,Pending
407,890,315,2024-05-31,Cancelled
408,656,170,2025-02-03,Cancelled
409,565,491,2024-06-26,Cancelled
410,933,190,2024-04-19,Cancelled
411,1000,283,2025-05-23,Pending
412,50,220,2024-08-19,Cancelled
413,522,62,2023-08-22,Pending
414,547,203,2023-07-27,Completed
415,173,138,2023-08-04,Pending
416,72,294,2023-09-18,Completed
417,672,211,2024-03-13,Cancelled
418,928,415,2023-11-03,Pending
419,743,40,2025-05-14,Pending
420,522,38,2025-01-21,Pending
421,927,13,2023-10-27,Completed
422,571,12,2025-04-28,Completed
423,90,352,2023-11-20,Completed
424,751,426,2025-01-14,Completed
425,983,377,2024-01-16,Completed
426,825,220,2024-03-21,Cancelled
427,945,273,2025-03-14,Completed
428,362,282,2024-04-11,Pending
429,200,119,2023-12-14,Cancelled
430,645,450,2025-03-29,Completed
431,429,204,2023-11-03,Pending
432,31,9,2024-09-20,Cancelled
433,24,260,2024-05-17,Cancelled
434,773,15,2024-05-15,Cancelled
435,800,471,2025-05-02,Completed
436,147,26,2024-01-14,Pending
437,347,46,2024-09-04,Completed
438,115,236,2025-04-19,Pending
439,103,9,2024-03-23,Completed
440,282,454,2025-04-03,Pending
441,261,51,2023-08-07,Completed
442,301,102,2024-11-09,Cancelled
443,918,184,2024-10-13,Completed
444,954,479,2024-12-06,Cancelled
445,948,99,2024-02-22,Cancelled
446,475,343,2024-03-30,Completed
447,716,427,2025-02-07,Pending
448,147,141,2024-02-13,Cancelled
449,267,378,2024-04-29,Pending
450,347,269,2025-02-04,Pending
451,479,296,2024-01-16,Completed
452,909,65,2024-09-20,Pending
453,979,59,2025-02-19,Pending
454,73,345,2024-07-02,Pending
455,894,368,2025-01-26,Cancelled
456,200,43,2024-09-05,Pending
457,391,201,2024-12-17,Pending
458,604,117,2025-01-07,Completed
459,540,361,2024-03-01,Pending
460,591,495,2024-11-14,Cancelled
461,898,476,2025-05-12,Cancelled
462,293,482,2023-07-29,Cancelled
463,25,467,2023-08-03,Cancelled
464,235,373,2023-07-26,Cancelled
465,514,19,2025-04-26,Cancelled
466,261,392,2025-06-17,Completed
467,831,290,2024-05-12,Cancelled
468,920,258,2023-08-03,Pending
469,826,2,2025-07-01,Cancelled
470,603,386,2023-11-20,Cancelled
471,37,18,2025-04-08,Completed
472,207,371,2023-09-18,Completed
473,597,454,2024-06-24,Cancelled
474,661,257,2023-11-10,Cancelled
475,333,196,2023-10-24,Pending
476,905,415,2024-04-09,Cancelled
477,259,74,2024-10-11,Completed
478,38,119,2025-02-14,Cancelled
479,830,430,2023-08-15,Pending
480,210,154,2025-03-18,Completed
481,218,69,2023-12-19,Completed
482,967,425,2024-06-15,Cancelled
483,774,307,2024-07-04,Pending
484,896,176,2025-03-04,Completed
485,458,494,2024-03-29,Cancelled
486,227,129,2024-05-29,Completed
487,718,139,2023-11-29,Completed
488,347,11,2024-05-06,Cancelled
489,750,355,2025-03-23,Cancelled
490,393,328,2024-09-07,Pending
491,327,47,2023-09-01,Completed
492,522,76,2025-01-25,Cancelled
493,990,137,2024-08-20,Pending
494,739,187,2025-06-25,Cancelled
495,393,93,2023-09-08,Completed
496,933,164,2025-01-18,Pending
497,176,403,2025-02-26,Cancelled
498,203,491,2024-06-21,Cancelled
499,250,270,2024-10-28,Cancelled
500,477,395,2025-01-05,Pending
501,151,285,2025-06-27,Cancelled
502,712,141,2025-05-13,Completed
503,660,444,2025-05-22,Cancelled
504,862,401,2024-03-07,Cancelled
505,623,240,2023-12-11,Cancelled
506,308,441,2025-02-21,Pending
507,301,440,2024-03-28,Cancelled
508,388,363,2024-11-08,Pending
509,875,204,2023-10-01,Completed
510,322,197,2024-03-23,Pending
511,861,205,2024-08-17,Completed
512,881,366,2024-10-24,Cancelled
513,606,91,2024-11-29,Cancelled
514,316,76,2024-04-16,Completed
515,612,186,2025-04-09,Completed
516,16,442,2023-08-31,Pending
517,79,127,2024-09-05,Cancelled
518,811,476,2024-07-03,Pending
519,615,54,2025-04-17,Pending
520,956,29,2024-06-13,Completed
521,340,241,2023-11-09,Cancelled
522,971,409,2024-04-06,Cancelled
523,914,398,2025-06-26,Completed
524,589,266,2025-07-04,Cancelled
525,355,175,2024-12-20,Pending
526,565,28,2023-09-01,Cancelled
527,448,115,2025-06-04,Cancelled
528,109,118,2025-07-21,Completed
529,817,258,2024-03-29,Cancelled
530,792,244,2023-08-16,Cancelled
531,119,224,2024-09-12,Completed
532,607,349,2025-03-16,Pending
533,726,262,2024-11-11,Completed
534,835,463,2024-03-21,Pending
535,640,345,2023-12-04,Pending
536,127,185,2024-03-11,Completed
537,962,141,2023-10-09,Pending
538,649,475,2024-06-09,Completed
539,911,228,2024-03-29,Pending
540,580,118,2025-05-30,Cancelled
541,831,71,2024-03-15,Cancelled
542,103,137,2023-11-14,Pending
543,655,198,2024-04-19,Cancelled
544,823,178,2024-01-31,Pending
545,833,366,2024-05-10,Cancelled
546,346,113,2023-11-27,Completed
547,9,54,2025-07-14,Cancelled
548,30,423,2025-07-04,Cancelled
549,398,216,2023-12-18,Cancelled
550,922,59,2024-08-02,Pending
551,894,338,2024-05-06,Completed
552,807,448,2024-08-27,Pending
553,280,311,2024-11-14,Cancelled
554,912,498,2025-03-12,Completed
555,36,229,2024-12-09,Completed
556,975,168,2025-06-24,Completed
557,221,447,2023-12-31,Cancelled
558,943,116,2024-02-14,Cancelled
559,317,72,2024-11-06,Pending
560,627,163,2024-07-13,Pending
561,143,117,2023-12-12,Completed
562,637,179,2024-11-10,Pending
563,182,173,2024-12-09,Completed
564,743,443,2024-06-08,Completed
565,497,46,2024-02-20,Completed
566,215,424,2025-05-12,Pending
567,858,294,2024-05-07,Cancelled
568,676,57,2023-08-06,Pending
569,879,165,2024-10-28,Pending
570,662,464,2024-06-17,Cancelled
571,926,352,2025-01-27,Pending
572,542,315,2025-04-24,Pending
573,739,409,2025-04-08,Cancelled
574,23,83,2024-07-18,Completed
575,278,374,2023-08-23,Pending
576,606,127,2024-02-29,Completed
577,722,13,2024-11-04,Completed
578,193,305,2024-12-02,Cancelled
579,599,62,2024-11-20,Completed
580,77,416,2024-01-01,Cancelled
581,568,262,2025-05-13,Completed
582,455,197,2023-10-07,Completed
583,708,97,2023-11-03,Cancelled
584,436,40,2024-07-22,Pending
585,477,94,2024-11-09,Cancelled
586,306,478,2023-10-25,Pending
587,347,166,2023-10-25,Cancelled
588,113,42,2023-11-01,Pending
589,782,263,2024-07-16,Completed
590,577,344,2025-03-25,Pending
591,434,256,2024-10-09,Pending
592,194,229,2024-06-04,Completed
593,627,380,2024-07-30,Pending
594,887,356,2024-08-22,Pending
595,70,134,2025-07-17,Pending
596,450,75,2024-06-22,Completed
597,619,466,2025-02-16,Completed
598,258,80,2024-11-12,Cancelled
599,894,496,2024-11-19,Cancelled
600,654,475,2025-07-14,Pending
601,665,338,2024-04-14,Cancelled
602,620,94,2025-05-27,Pending
603,780,156,2024-09-02,Cancelled
604,329,441,2024-08-01,Completed
605,910,347,2025-02-20,Cancelled
606,751,481,2025-02-25,Pending
607,64,479,2025-01-31,Pending
608,760,368,2025-06-15,Pending
609,269,204,2023-09-18,Pending
610,308,108,2025-01-24,Cancelled
611,135,329,2025-07-02,Completed
612,241,288,2025-04-13,Cancelled
613,899,259,2023-09-19,Cancelled
614,431,309,2024-04-12,Cancelled
615,881,247,2024-10-30,Cancelled
616,397,2,2024-12-06,Completed
617,160,116,2024-06-25,Pending
618,410,346,2024-01-02,Completed
619,813,314,2024-03-01,Completed
620,973,194,2023-10-21,Completed
621,117,58,2024-09-09,Cancelled
622,300,157,2024-06-05,Completed
623,262,435,2024-04-01,Cancelled
624,569,141,2025-03-28,Completed
625,857,86,2024-11-06,Cancelled
626,885,496,2023-08-12,Completed
627,253,442,2024-01-13,Pending
628,93,348,2025-02-25,Pending
629,534,325,2024-01-19,Pending
630,463,492,2024-11-01,Pending
631,823,426,2024-08-24,Cancelled
632,208,179,2024-02-08,Completed
633,956,265,2025-05-18,Completed
634,47,201,2025-04-10,Pending
635,281,470,2024-09-11,Completed
636,604,412,2025-02-15,Completed
637,472,284,2024-02-03,Pending
638,542,258,2025-04-10,Cancelled
639,498,399,2025-01-17,Completed
640,411,173,2025-03-24,Cancelled
641,824,88,2024-09-13,Pending
642,877,139,2025-07-19,Completed
643,774,327,2024-08-13,Cancelled
644,151,407,2024-09-17,Completed
645,696,172,2023-09-16,Completed
646,409,87,2024-06-18,Pending
647,948,135,2025-01-15,Cancelled
648,794,51,2025-03-07,Cancelled
649,616,263,2024-03-23,Completed
650,74,360,2024-11-22,Cancelled
651,839,18,2024-02-22,Cancelled
652,205,131,2025-07-18,Completed
653,935,170,2024-08-24,Cancelled
654,550,147,2023-10-07,Cancelled
655,903,426,2024-06-24,Completed
656,656,122,2024-02-04,Pending
657,356,95,2025-06-11,Pending
658,768,90,2024-09-19,Pending
659,311,212,2023-11-14,Completed
660,320,469,2024-07-23,Completed
661,894,109,2025-07-03,Completed
662,801,237,2023-08-21,Cancelled
663,649,210,2025-02-12,Completed
664,781,158,2024-01-11,Cancelled
665,331,174,2025-07-09,Pending
666,645,457,2024-02-23,Pending
667,867,376,2023-12-16,Cancelled
668,498,446,2024-06-10,Cancelled
669,485,351,2025-01-07,Completed
670,242,462,2024-03-31,Cancelled
671,871,362,2024-03-25,Completed
672,732,88,2024-07-11,Completed
673,83,395,2025-03-22,Completed
674,731,385,2023-10-11,Pending
675,815,91,2023-07-29,Cancelled
676,356,50,2024-05-26,Cancelled
677,402,457,2025-04-29,Completed
678,960,225,2025-06-18,Completed
679,440,475,2024-10-03,Cancelled
680,930,467,2024-09-21,Cancelled
681,128,298,2023-08-11,Pending
682,103,284,2025-04-16,Cancelled
683,525,457,2024-07-20,Completed
684,783,247,2025-03-06,Completed
685,304,452,2024-05-12,Pending
686,306,438,2023-10-14,Completed
687,195,267,2024-12-23,Pending
688,35,245,2024-02-19,Completed
689,636,116,2025-03-05,Pending
690,927,112,2024-07-14,Pending
691,472,189,2025-07-07,Pending
692,968,344,2024-02-11,Cancelled
693,181,412,2024-11-03,Pending
694,252,132,2024-08-14,Cancelled
695,489,307,2024-12-01,Pending
696,131,409,2023-11-07,Completed
697,845,426,2024-04-27,Cancelled
698,40,231,2024-12-03,Pending
699,410,162,2024-06-26,Pending
700,134,98,2024-12-16,Completed
701,654,252,2025-05-27,Pending
702,649,353,2024-12-02,Completed
703,133,402,2025-01-24,Completed
704,195,314,2025-03-07,Completed
705,850,245,2025-06-25,Pending
706,148,473,2024-09-14,Cancelled
707,677,419,2023-12-12,Completed
708,244,130,2024-07-01,Pending
709,267,62,2024-10-25,Completed
710,41,475,2025-07-10,Completed
711,373,22,2025-04-07,Cancelled
712,960,116,2025-03-11,Cancelled
713,113,486,2024-05-24,Completed
714,129,388,2025-04-09,Pending
715,827,264,2023-11-14,Pending
716,390,11,2024-09-13,Pending
717,591,132,2023-09-04,Pending
718,593,474,2024-02-23,Completed
719,124,85,2024-02-10,Completed
720,693,219,2024-07-13,Pending
721,558,193,2024-11-02,Completed
722,317,67,2023-11-05,Completed
723,432,221,2023-10-24,Pending
724,781,313,2023-12-30,Cancelled
725,256,14,2025-04-21,Cancelled
726,23,241,2025-01-28,Completed
727,261,282,2025-01-19,Pending
728,101,248,2024-05-18,Pending
729,827,69,2025-05-09,Cancelled
730,14,471,2023-10-17,Cancelled
731,569,137,2025-01-02,Pending
732,875,155,2024-12-24,Pending
733,511,467,2025-04-04,Completed
734,442,42,2024-08-16,Completed
735,216,456,2025-05-24,Completed
736,820,477,2025-03-29,Cancelled
737,839,222,2025-01-22,Completed
738,930,459,2024-09-26,Pending
739,103,128,2025-05-27,Completed
740,577,349,2023-08-26,Completed
741,691,317,2024-07-29,Completed
742,943,343,2024-05-24,Cancelled
743,350,319,2023-08-19,Cancelled
744,388,199,2023-12-15,Cancelled
745,353,294,2025-04-13,Completed
746,826,124,2025-02-17,Cancelled
747,627,38,2024-05-12,Pending
748,351,103,2023-09-17,Completed
749,739,277,2024-01-21,Cancelled
750,204,287,2024-09-21,Cancelled
751,249,311,2024-05-18,Pending
752,384,397,2024-05-08,Pending
753,265,162,2024-10-26,Cancelled
754,227,282,2025-02-26,Pending
755,536,499,2025-02-25,Cancelled
756,402,409,2025-05-30,Pending
757,989,455,2025-05-11,Pending
758,596,352,2024-08-01,Completed
759,415,219,2025-06-12,Pending
760,256,306,2025-01-15,Completed
761,985,399,2024-11-30,Completed
762,236,278,2024-11-03,Completed
763,872,209,2024-04-02,Cancelled
764,76,391,2024-07-26,Completed
765,124,464,2024-06-20,Cancelled
766,948,128,2025-02-07,Cancelled
767,887,451,2025-07-15,Completed
768,479,436,2024-08-28,Pending
769,711,330,2024-11-04,Cancelled
770,721,14,2023-09-18,Completed
771,598,61,2023-11-04,Cancelled
772,207,47,2023-11-17,Pending
773,207,156,2025-06-05,Pending
774,327,437,2024-03-14,Cancelled
775,76,66,2023-12-09,Completed
776,987,315,2024-03-16,Pending
777,434,310,2024-03-02,Pending
778,963,350,2024-07-01,Pending
779,881,97,2024-01-04,Pending
780,116,483,2025-04-02,Cancelled
781,925,297,2024-03-19,Cancelled
782,835,89,2023-12-09,Cancelled
783,617,260,2023-08-07,Completed
784,513,304,2024-11-16,Cancelled
785,403,21,2025-01-02,Completed
786,225,130,2023-11-21,Cancelled
787,75,333,2024-09-07,Pending
788,38,361,2025-01-16,Cancelled
789,907,282,2024-07-24,Cancelled
790,356,272,2023-11-27,Cancelled
791,872,473,2025-01-23,Cancelled
792,713,253,2024-06-12,Completed
793,573,356,2024-03-12,Cancelled
794,263,233,2024-04-08,Pending
795,741,70,2024-03-06,Completed
796,558,286,2023-09-18,Pending
797,246,231,2024-01-09,Cancelled
798,718,252,2025-04-05,Pending
799,329,307,2025-05-27,Pending
800,418,351,2025-01-12,Cancelled
801,13,360,2024-06-20,Pending
802,119,228,2024-07-08,Pending
803,157,476,2025-05-12,Completed
804,654,248,2024-10-29,Cancelled
805,503,107,2024-04-10,Cancelled
806,815,326,2023-10-08,Cancelled
807,339,13,2024-01-01,Cancelled
808,777,360,2023-08-16,Pending
809,616,467,2024-06-14,Pending
810,16,17,2023-09-10,Pending
811,857,254,2025-07-02,Cancelled
812,737,398,2024-05-28,Cancelled
813,478,419,2024-05-13,Completed
814,899,365,2023-10-08,Completed
815,663,187,2023-12-30,Pending
816,931,333,2025-02-11,Cancelled
817,859,120,2025-05-05,Pending
818,751,229,2025-04-13,Completed
819,817,224,2024-11-18,Cancelled
820,826,223,2024-03-05,Cancelled
821,100,298,2023-09-23,Completed
822,510,496,2023-12-01,Completed
823,495,80,2024-07-25,Cancelled
824,999,208,2024-05-31,Completed
825,756,123,2023-11-24,Cancelled
826,69,368,2024-09-01,Completed
827,621,273,2024-01-01,Cancelled
828,329,103,2025-07-19,Cancelled
829,810,191,2025-04-12,Pending
830,627,164,2023-08-12,Completed
831,652,383,2023-12-04,Pending
832,846,180,2024-12-26,Cancelled
833,93,316,2023-09-18,Pending
834,915,185,2023-10-07,Cancelled
835,147,186,2024-04-13,Completed
836,97,328,2024-03-31,Completed
837,548,444,2024-08-03,Cancelled
838,241,288,2024-03-30,Cancelled
839,745,368,2025-05-06,Completed
840,610,1,2024-06-22,Cancelled
841,553,438,2023-10-08,Cancelled
842,275,143,2024-07-16,Pending
843,955,213,2024-07-20,Pending
844,22,34,2024-02-29,Completed
845,793,248,2025-03-02,Completed
846,934,10,2023-08-14,Completed
847,279,454,2024-02-09,Cancelled
848,527,421,2023-12-05,Pending
849,206,348,2023-08-05,Cancelled
850,906,260,2025-02-21,Cancelled
851,273,238,2024-04-25,Cancelled
852,68,119,2023-12-04,Completed
853,679,146,2024-03-08,Cancelled
854,601,71,2023-11-21,Cancelled
855,991,127,2025-03-20,Cancelled
856,618,295,2023-07-31,Completed
857,243,477,2024-12-05,Cancelled
858,328,309,2024-12-05,Pending
859,535,417,2024-04-02,Cancelled
860,727,1,2023-12-20,Completed
861,798,375,2025-02-28,Completed
862,10,458,2023-09-11,Pending
863,359,381,2024-12-12,Cancelled
864,494,379,2024-11-09,Completed
865,677,147,2024-10-16,Cancelled
866,446,228,2024-10-01,Pending
867,782,51,2025-04-30,Cancelled
868,412,75,2023-11-24,Completed
869,257,281,2024-06-09,Pending
870,903,290,2024-09-30,Completed
871,808,476,2024-10-08,Pending
872,185,228,2024-03-27,Cancelled
873,947,105,2023-11-23,Pending
874,981,204,2024-06-28,Cancelled
875,555,64,2025-06-29,Completed
876,123,133,2024-07-16,Cancelled
877,86,216,2025-01-08,Pending
878,554,77,2024-03-29,Cancelled
879,960,98,2025-03-15,Completed
880,184,64,2024-12-25,Pending
881,864,486,2024-09-09,Completed
882,696,80,2025-04-10,Pending
883,962,486,2023-11-09,Completed
884,704,274,2024-10-28,Pending
885,120,392,2023-09-13,Completed
886,256,242,2025-02-11,Completed
887,743,353,2024-02-22,Pending
888,629,176,2024-08-17,Cancelled
889,698,206,2024-02-05,Completed
890,231,191,2023-08-10,Completed
891,519,313,2025-05-29,Completed
892,585,387,2025-06-07,Pending
893,903,12,2025-02-22,Completed
894,796,329,2025-01-27,Completed
895,529,204,2024-03-14,Cancelled
896,625,463,2024-11-10,Cancelled
897,21,143,2024-08-28,Cancelled
898,883,223,2024-03-09,Pending
899,170,213,2025-02-09,Cancelled
900,171,347,2025-05-30,Completed
901,47,120,2024-08-03,Cancelled
902,264,267,2024-12-29,Completed
903,507,103,2025-05-27,Cancelled
904,967,29,2024-10-31,Completed
905,312,382,2024-11-14,Pending
906,549,53,2025-04-10,Cancelled
907,199,58,2024-11-17,Completed
908,817,276,2024-05-15,Cancelled
909,440,473,2024-01-26,Cancelled
910,260,159,2025-03-26,Completed
911,437,316,2024-03-12,Cancelled
912,754,96,2024-10-26,Pending
913,972,377,2023-11-13,Pending
914,527,392,2024-03-07,Pending
915,521,1,2025-05-21,Completed
916,961,417,2024-10-06,Completed
917,221,287,2025-03-16,Cancelled
918,204,44,2023-11-18,Pending
919,126,399,2024-04-19,Completed
920,299,155,2025-06-09,Completed
921,850,358,2024-05-09,Completed
922,914,90,2024-04-08,Completed
923,559,436,2024-01-25,Completed
924,55,363,2023-08-22,Completed
925,327,494,2025-03-07,Cancelled
926,771,159,2024-06-25,Cancelled
927,446,387,2023-11-05,Cancelled
928,558,479,2024-10-18,Cancelled
929,350,355,2025-07-03,Cancelled
930,79,141,2024-04-24,Cancelled
931,616,483,2023-12-15,Pending
932,249,151,2024-03-26,Cancelled
933,969,383,2025-03-16,Cancelled
934,949,274,2024-10-14,Completed
935,210,419,2024-11-24,Pending
936,198,368,2025-05-13,Cancelled
937,821,108,2025-04-20,Cancelled
938,241,234,2024-01-11,Cancelled
939,82,447,2024-05-24,Cancelled
940,954,126,2024-09-26,Pending
941,688,68,2024-11-10,Pending
942,636,152,2024-05-10,Completed
943,25,127,2024-08-10,Completed
944,84,189,2023-12-01,Cancelled
945,127,25,2025-01-01,Cancelled
946,138,359,2024-03-04,Pending
947,400,410,2024-07-30,Pending
948,320,34,2024-10-13,Pending
949,886,305,2025-04-07,Completed
950,307,131,2024-06-18,Cancelled
951,391,24,2023-10-14,Cancelled
952,667,29,2024-09-15,Cancelled
953,57,314,2023-09-28,Pending
954,581,104,2025-01-07,Completed
955,851,214,2025-03-29,Completed
956,318,376,2025-04-22,Cancelled
957,945,80,2025-01-28,Cancelled
958,69,66,2025-05-28,Cancelled
959,730,432,2024-10-17,Pending
960,78,175,2024-01-17,Completed
961,849,222,2024-07-02,Completed
962,764,229,2024-07-25,Cancelled
963,416,341,2025-05-04,Pending
964,29,322,2024-12-16,Cancelled
965,707,485,2024-03-27,Cancelled
966,130,145,2024-10-04,Completed
967,17,42,2025-01-12,Cancelled
968,32,72,2023-08-27,Completed
969,672,342,2025-02-27,Pending
970,734,262,2023-09-16,Completed
971,782,360,2024-05-23,Completed
972,563,170,2024-05-22,Pending
973,783,283,2024-09-22,Cancelled
974,436,445,2025-01-23,Pending
975,49,242,2025-01-21,Completed
976,228,300,2025-01-17,Cancelled
977,350,412,2024-11-12,Cancelled
978,894,406,2024-06-22,Completed
979,811,139,2024-09-14,Completed
980,86,106,2024-12-22,Completed
981,789,281,2025-05-26,Pending
982,200,38,2024-04-04,Pending
983,125,159,2024-03-05,Pending
984,71,107,2024-11-10,Completed
985,556,451,2024-01-10,Pending
986,189,468,2024-09-30,Completed
987,60,316,2024-12-16,Cancelled
988,366,428,2023-12-08,Pending
989,910,216,2025-01-27,Completed
990,290,217,2023-10-30,Cancelled
991,117,137,2023-08-07,Cancelled
992,903,122,2024-05-11,Completed
993,471,369,2024-12-23,Pending
994,403,30,2025-02-27,Pending
995,318,151,2025-06-16,Completed
996,534,313,2024-05-11,Pending
997,22,4,2025-04-25,Pending
998,22,399,2025-07-03,Pending
999,777,405,2024-04-29,Completed
1000,722,497,2023-09-15,Completed
1001,313,373,2024-02-24,Completed
1002,887,362,2025-01-22,Pending
1003,244,103,2024-01-30,Cancelled
1004,135,360,2023-09-26,Completed
1005,467,330,2024-04-07,Cancelled
1006,295,473,2025-05-06,Cancelled
1007,34,418,2025-02-05,Completed
1008,562,62,2024-09-08,Cancelled
1009,795,489,2024-12-27,Cancelled
1010,30,74,2024-05-10,Completed
1011,3,114,2025-02-04,Cancelled
1012,412,304,2024-06-24,Completed
1013,547,443,2024-04-25,Completed
1014,837,107,2023-10-08,Completed
1015,708,236,2025-01-23,Cancelled
1016,741,138,2024-11-15,Completed
1017,23,296,2024-03-29,Pending
1018,959,242,2024-08-04,Cancelled
1019,877,258,2025-04-25,Pending
1020,222,315,2025-05-26,Cancelled
1021,985,495,2023-12-30,Pending
1022,980,164,2024-10-27,Cancelled
1023,169,258,2024-12-18,Cancelled
1024,194,211,2024-09-29,Pending
1025,140,349,2024-03-09,Completed
1026,903,462,2024-07-31,Completed
1027,471,497,2024-04-21,Cancelled
1028,943,485,2024-01-07,Cancelled
1029,353,249,2025-05-25,Pending
1030,915,202,2025-01-19,Completed
1031,527,307,2024-05-31,Completed
1032,802,319,2025-02-22,Pending
1033,691,178,2025-01-24,Completed
1034,169,465,2024-07-23,Cancelled
1035,346,5,2025-03-15,Cancelled
1036,1,296,2023-08-05,Cancelled
1037,456,259,2024-11-06,Cancelled
1038,610,192,2024-06-20,Pending
1039,123,375,2024-03-26,Completed
1040,217,316,2024-01-01,Completed
1041,591,91,2023-10-03,Pending
1042,968,176,2025-02-18,Pending
1043,698,223,2023-10-08,Pending
1044,183,318,2025-07-14,Pending
1045,201,30,2024-07-21,Pending
1046,168,207,2025-02-13,Completed
1047,148,358,2024-04-30,Pending
1048,507,160,2024-12-05,Completed
1049,94,54,2024-09-17,Pending
1050,27,239,2024-12-01,Cancelled
1051,8,12,2024-12-29,Completed
1052,267,349,2024-02-21,Cancelled
1053,342,409,2024-09-29,Cancelled
1054,697,412,2023-12-20,Pending
1055,849,40,2024-03-25,Completed
1056,644,151,2023-07-30,Pending
1057,906,347,2024-05-12,Cancelled
1058,488,97,2023-10-30,Cancelled
1059,379,218,2024-06-18,Completed
1060,527,15,2025-03-07,Pending
1061,545,430,2024-07-21,Completed
1062,693,18,2025-05-07,Pending
1063,11,371,2024-12-16,Pending
1064,886,298,2025-02-19,Cancelled
1065,938,110,2024-09-20,Completed
1066,371,46,2023-12-26,Pending
1067,413,169,2024-01-04,Pending
1068,327,267,2024-07-18,Cancelled
1069,103,21,2024-08-16,Pending
1070,193,445,2025-07-06,Pending
1071,186,90,2025-06-16,Completed
1072,529,50,2025-04-10,Completed
1073,282,352,2024-04-07,Completed
1074,728,49,2024-12-31,Cancelled
1075,454,490,2023-12-29,Cancelled
1076,21,267,2025-03-20,Cancelled
1077,150,227,2024-02-29,Cancelled
1078,256,62,2024-09-14,Pending
1079,951,249,2023-09-11,Cancelled
1080,432,465,2024-06-22,Completed
1081,741,261,2024-02-11,Pending
1082,548,55,2024-07-30,Pending
1083,652,176,2024-08-16,Completed
1084,829,254,2025-03-19,Completed
1085,410,140,2025-03-23,Completed
1086,22,231,2025-03-20,Cancelled
1087,483,486,2025-05-20,Pending
1088,919,215,2023-08-27,Completed
1089,593,2,2023-10-15,Completed
1090,789,174,2023-12-22,Pending
1091,888,65,2025-05-03,Completed
1092,973,196,2025-04-15,Pending
1093,623,463,2025-02-12,Pending
1094,334,216,2024-04-24,Completed
1095,359,256,2023-11-02,Completed
1096,447,266,2024-11-08,Cancelled
1097,924,281,2024-10-21,Completed
1098,194,286,2024-01-02,Completed
1099,25,316,2024-07-08,Cancelled
1100,930,472,2024-10-14,Completed
1101,82,178,2023-11-25,Cancelled
1102,853,279,2024-04-15,Cancelled
1103,430,485,2024-08-07,Completed
1104,87,321,2025-02-03,Cancelled
1105,760,454,2023-11-11,Cancelled
1106,297,46,2024-06-15,Completed
1107,287,114,2024-08-13,Pending
1108,653,287,2023-08-09,Pending
1109,758,38,2024-02-06,Pending
1110,890,397,2023-12-31,Cancelled
1111,745,46,2023-08-28,Pending
1112,279,309,2025-05-31,Cancelled
1113,245,466,2024-07-21,Cancelled
1114,172,193,2024-02-07,Completed
1115,390,78,2024-07-01,Completed
1116,601,426,2024-02-28,Cancelled
1117,540,462,2025-07-11,Cancelled
1118,696,368,2024-12-29,Pending
1119,997,291,2023-08-11,Pending
1120,710,445,2025-07-04,Completed
1121,695,15,2024-03-23,Pending
1122,603,285,2024-06-18,Pending
1123,360,231,2024-04-06,Pending
1124,777,231,2025-03-14,Completed
1125,850,303,2024-09-04,Completed
1126,580,95,2024-04-01,Cancelled
1127,194,485,2025-02-22,Cancelled
1128,559,215,2024-08-10,Cancelled
1129,513,206,2024-05-19,Pending
1130,939,46,2024-02-04,Cancelled
1131,732,146,2024-06-01,Cancelled
1132,256,19,2024-02-21,Completed
1133,195,435,2024-10-18,Completed
1134,105,367,2024-05-24,Cancelled
1135,3,184,2024-06-10,Cancelled
1136,634,67,2024-05-26,Pending
1137,409,105,2024-05-01,Pending
1138,669,193,2024-07-09,Cancelled
1139,957,253,2023-11-29,Cancelled
1140,764,429,2024-04-14,Completed
1141,69,119,2023-08-31,Completed
1142,949,42,2024-12-09,Cancelled
1143,41,423,2025-01-30,Cancelled
1144,383,164,2024-10-04,Pending
1145,48,49,2024-12-14,Pending
1146,415,164,2024-12-25,Pending
1147,877,168,2023-10-28,Cancelled
1148,562,386,2024-10-09,Cancelled
1149,383,66,2024-01-10,Completed
1150,15,70,2023-09-17,Pending
1151,827,305,2025-06-17,Completed
1152,536,27,2024-05-18,Cancelled
1153,112,273,2024-06-13,Pending
1154,465,339,2024-12-31,Completed
1155,59,147,2024-10-16,Completed
1156,645,484,2023-07-25,Pending
1157,591,440,2024-12-23,Cancelled
1158,561,235,2024-09-06,Cancelled
1159,519,306,2024-05-23,Pending
1160,453,376,2024-09-03,Completed
1161,778,196,2024-04-05,Completed
1162,978,197,2025-02-04,Completed
1163,407,105,2024-08-25,Completed
1164,733,492,2024-06-23,Pending
1165,99,41,2025-04-12,Cancelled
1166,267,181,2024-12-18,Completed
1167,825,305,2024-05-28,Completed
1168,606,400,2024-02-08,Pending
1169,336,184,2024-08-25,Pending
1170,416,268,2025-04-07,Cancelled
1171,18,451,2024-12-28,Cancelled
1172,998,377,2025-06-18,Completed
1173,848,393,2024-07-30,Cancelled
1174,824,369,2024-11-05,Completed
1175,365,194,2024-12-25,Pending
1176,673,457,2023-12-04,Pending
1177,407,467,2024-12-19,Pending
1178,661,241,2025-05-12,Cancelled
1179,337,368,2024-12-29,Cancelled
1180,558,405,2025-05-30,Cancelled
1181,863,288,2025-04-15,Cancelled
1182,42,417,2024-03-07,Pending
1183,814,317,2023-10-18,Completed
1184,3,186,2024-05-08,Completed
1185,522,297,2023-11-22,Cancelled
1186,918,244,2024-01-12,Completed
1187,989,489,2025-05-08,Completed
1188,720,412,2024-03-02,Pending
1189,603,83,2023-12-19,Completed
1190,474,332,2024-02-09,Completed
1191,105,376,2025-04-26,Pending
1192,833,304,2023-09-21,Pending
1193,73,490,2024-10-06,Cancelled
1194,563,216,2023-11-25,Completed
1195,836,478,2024-07-26,Pending
1196,357,83,2024-03-15,Cancelled
1197,323,255,2024-06-18,Cancelled
1198,318,199,2023-12-04,Pending
1199,421,192,2025-07-16,Cancelled
1200,814,306,2024-04-01,Completed
1201,72,362,2024-12-29,Pending
1202,680,87,2024-05-04,Cancelled
1203,245,80,2024-09-29,Cancelled
1204,691,435,2024-10-28,Cancelled
1205,110,434,2025-06-20,Pending
1206,844,236,2023-09-06,Pending
1207,77,406,2023-07-29,Completed
1208,898,484,2025-02-27,Cancelled
1209,536,128,2023-09-02,Cancelled
1210,70,42,2024-11-06,Completed
1211,470,418,2024-08-03,Cancelled
1212,422,134,2025-02-24,Completed
1213,216,129,2025-05-28,Pending
1214,830,392,2024-11-29,Cancelled
1215,798,206,2023-09-02,Cancelled
1216,768,15,2023-08-17,Completed
1217,557,323,2024-03-17,Pending
1218,843,296,2024-06-12,Cancelled
1219,110,379,2024-02-19,Pending
1220,980,397,2025-06-29,Cancelled
1221,19,448,2024-03-30,Pending
1222,336,289,2024-08-26,Pending
1223,70,247,2024-11-30,Cancelled
1224,172,252,2023-10-11,Pending
1225,490,49,2024-09-27,Completed
1226,675,231,2024-04-25,Pending
1227,334,473,2025-03-17,Pending
1228,443,102,2024-06-02,Pending
1229,720,431,2025-03-06,Pending
1230,253,155,2023-09-15,Pending
1231,831,277,2023-12-01,Completed
1232,842,471,2024-05-23,Pending
1233,989,441,2024-12-25,Cancelled
1234,825,294,2025-03-16,Completed
1235,506,300,2024-09-05,Cancelled
1236,332,383,2024-08-01,Pending
1237,639,103,2023-12-05,Pending
1238,438,407,2024-05-27,Cancelled
1239,350,5,2024-03-13,Completed
1240,764,374,2025-05-26,Pending
1241,723,358,2024-05-21,Pending
1242,810,422,2024-12-18,Completed
1243,608,468,2024-08-12,Cancelled
1244,898,26,2023-08-04,Cancelled
1245,481,147,2025-06-13,Completed
1246,716,422,2024-08-11,Pending
1247,749,369,2024-03-31,Pending
1248,282,196,2023-08-27,Completed
1249,383,159,2024-09-10,Completed
1250,410,328,2023-08-04,Cancelled
1251,863,22,2024-07-02,Pending
1252,612,183,2023-09-05,Pending
1253,890,145,2024-12-08,Pending
1254,195,476,2024-02-23,Cancelled
1255,272,438,2023-11-09,Cancelled
1256,376,101,2025-07-02,Completed
1257,57,213,2025-06-04,Cancelled
1258,399,267,2024-12-06,Pending
1259,219,232,2024-09-08,Completed
1260,425,194,2024-09-30,Cancelled
1261,272,419,2025-07-18,Cancelled
1262,968,272,2023-09-25,Pending
1263,834,20,2023-10-30,Pending
1264,494,395,2024-08-18,Cancelled
1265,809,43,2023-09-26,Pending
1266,678,414,2023-10-26,Pending
1267,327,255,2023-11-29,Cancelled
1268,82,50,2024-10-01,Pending
1269,111,310,2024-09-15,Pending
1270,509,289,2023-08-10,Cancelled
1271,440,93,2024-03-29,Pending
1272,811,474,2024-03-14,Pending
1273,258,134,2024-06-23,Completed
1274,157,166,2025-01-31,Completed
1275,821,70,2024-04-27,Completed
1276,427,10,2025-03-19,Pending
1277,362,227,2024-06-27,Pending
1278,970,243,2025-07-02,Pending
1279,167,68,2024-02-17,Cancelled
1280,786,211,2023-08-31,Completed
1281,397,106,2025-05-31,Completed
1282,992,154,2024-04-05,Pending
1283,661,230,2024-01-30,Cancelled
1284,296,75,2024-07-14,Pending
1285,286,85,2024-12-25,Pending
1286,738,399,2024-08-13,Completed
1287,735,349,2024-06-26,Completed
1288,862,450,2023-09-19,Completed
1289,118,165,2025-06-10,Pending
1290,736,434,2024-04-06,Cancelled
1291,684,198,2023-11-23,Completed
1292,597,85,2024-01-02,Cancelled
1293,44,359,2024-04-14,Pending
1294,395,452,2025-04-29,Completed
1295,894,191,2023-12-26,Cancelled
1296,798,77,2025-04-20,Pending
1297,508,7,2024-11-07,Completed
1298,793,317,2025-01-31,Cancelled
1299,315,82,2025-07-13,Cancelled
1300,41,234,2024-05-23,Pending
1301,3,369,2025-03-02,Pending
1302,873,7,2024-04-30,Completed
1303,455,212,2024-08-18,Pending
1304,52,150,2023-07-27,Pending
1305,449,256,2024-07-28,Cancelled
1306,156,432,2025-05-31,Completed
1307,214,413,2024-06-04,Pending
1308,382,10,2024-09-09,Completed
1309,366,74,2023-10-02,Pending
1310,810,117,2024-06-13,Cancelled
1311,790,420,2025-05-06,Completed
1312,297,215,2024-07-18,Completed
1313,807,266,2024-08-20,Pending
1314,597,248,2024-12-28,Cancelled
1315,418,98,2023-11-13,Cancelled
1316,748,240,2023-07-31,Pending
1317,87,259,2024-03-24,Pending
1318,968,348,2024-03-20,Cancelled
1319,814,331,2023-12-08,Cancelled
1320,73,184,2025-06-01,Cancelled
1321,775,169,2024-04-27,Pending
1322,288,156,2025-03-15,Pending
1323,9,301,2023-10-14,Cancelled
1324,337,56,2025-06-24,Pending
1325,388,160,2024-12-28,Cancelled
1326,8,343,2024-03-07,Pending
1327,647,213,2023-11-25,Cancelled
1328,355,418,2024-05-20,Completed
1329,704,51,2023-09-04,Cancelled
1330,616,445,2024-06-28,Completed
1331,546,137,2025-02-25,Completed
1332,910,369,2025-05-11,Cancelled
1333,498,138,2025-07-20,Completed
1334,830,485,2024-01-03,Pending
1335,610,356,2023-08-20,Completed
1336,984,381,2024-12-22,Completed
1337,108,81,2024-08-13,Cancelled
1338,452,3,2024-02-25,Cancelled
1339,27,96,2024-03-27,Cancelled
1340,384,477,2025-06-27,Cancelled
1341,764,388,2025-07-01,Pending
1342,632,153,2024-10-07,Cancelled
1343,399,22,2024-02-05,Cancelled
1344,254,424,2024-02-14,Pending
1345,914,460,2023-08-23,Pending
1346,290,92,2024-05-18,Pending
1347,807,124,2025-07-05,Pending
1348,210,57,2024-01-10,Completed
1349,767,370,2024-04-16,Completed
1350,508,37,2024-05-06,Completed
1351,296,37,2024-06-23,Pending
1352,669,268,2025-02-17,Cancelled
1353,66,47,2024-02-04,Pending
1354,629,355,2024-06-11,Completed
1355,593,98,2023-12-24,Cancelled
1356,360,243,2023-09-10,Completed
1357,323,380,2025-05-17,Pending
1358,172,318,2025-06-11,Cancelled
1359,798,205,2025-03-18,Cancelled
1360,865,395,2025-02-13,Completed
1361,264,143,2025-03-05,Pending
1362,286,468,2025-03-23,Cancelled
1363,591,412,2023-12-23,Cancelled
1364,268,251,2024-04-24,Cancelled
1365,939,229,2024-07-10,Pending
1366,491,268,2024-08-15,Completed
1367,360,28,2024-11-10,Completed
1368,553,35,2023-10-15,Pending
1369,651,42,2025-03-12,Cancelled
1370,984,201,2024-01-22,Pending
1371,526,424,2024-03-29,Completed
1372,224,479,2023-07-24,Pending
1373,295,26,2025-02-11,Completed
1374,16,367,2025-04-01,Cancelled
1375,221,306,2025-03-26,Completed
1376,541,71,2024-04-25,Completed
1377,314,51,2024-03-06,Completed
1378,897,45,2024-02-14,Cancelled
1379,518,387,2023-11-27,Completed
1380,478,228,2024-04-29,Completed
1381,286,343,2024-10-07,Completed
1382,172,1,2024-05-23,Pending
1383,678,164,2023-10-14,Completed
1384,47,399,2023-10-05,Completed
1385,335,256,2023-12-13,Completed
1386,325,445,2023-08-09,Completed
1387,973,73,2023-10-02,Cancelled
1388,800,21,2024-06-14,Pending
1389,378,73,2023-11-23,Pending
1390,991,148,2023-10-09,Completed
1391,228,464,2024-11-13,Cancelled
1392,1000,322,2024-10-25,Completed
1393,480,380,2024-08-29,Pending
1394,96,21,2025-03-08,Pending
1395,732,403,2023-12-22,Completed
1396,718,493,2024-09-09,Cancelled
1397,177,381,2025-07-02,Completed
1398,392,188,2024-07-09,Pending
1399,837,137,2024-05-26,Cancelled
1400,783,59,2023-11-24,Pending
1401,64,469,2025-05-26,Completed
1402,94,73,2025-02-18,Cancelled
1403,946,106,2024-06-04,Completed
1404,888,137,2024-03-30,Completed
1405,93,249,2024-05-25,Cancelled
1406,615,340,2025-02-02,Pending
1407,166,309,2023-11-05,Pending
1408,177,111,2024-09-05,Pending
1409,902,169,2024-09-25,Cancelled
1410,586,242,2025-07-02,Completed
1411,727,430,2024-01-22,Completed
1412,955,29,2023-09-06,Completed
1413,438,382,2025-05-20,Completed
1414,594,2,2024-04-14,Cancelled
1415,467,112,2024-03-01,Cancelled
1416,169,366,2024-09-07,Completed
1417,643,128,2024-10-20,Completed
1418,103,345,2024-03-28,Completed
1419,506,127,2024-09-10,Pending
1420,894,478,2024-12-17,Pending
1421,821,131,2024-02-04,Completed
1422,438,85,2024-02-12,Completed
1423,51,62,2024-07-19,Pending
1424,585,217,2024-09-06,Completed
1425,195,31,2025-02-19,Cancelled
1426,73,188,2023-10-03,Completed
1427,917,69,2023-10-23,Completed
1428,297,260,2024-05-17,Pending
1429,710,243,2025-06-26,Cancelled
1430,580,67,2024-06-30,Cancelled
1431,760,380,2025-01-09,Pending
1432,359,384,2024-11-12,Cancelled
1433,376,159,2024-05-06,Pending
1434,214,250,2025-05-26,Completed
1435,489,328,2024-06-15,Cancelled
1436,605,85,2023-11-14,Completed
1437,946,302,2024-11-28,Cancelled
1438,435,181,2024-05-24,Cancelled
1439,69,96,2024-08-22,Cancelled
1440,737,283,2023-09-01,Cancelled
1441,742,327,2025-03-12,Cancelled
1442,805,371,2024-01-30,Completed
1443,424,145,2023-11-06,Pending
1444,340,452,2023-08-26,Pending
1445,537,261,2025-05-01,Cancelled
1446,786,461,2024-09-26,Pending
1447,414,435,2023-10-23,Cancelled
1448,303,6,2024-12-15,Cancelled
1449,148,220,2025-05-18,Cancelled
1450,803,65,2025-04-11,Cancelled
1451,379,144,2024-11-28,Cancelled
1452,545,436,2023-11-07,Cancelled
1453,588,72,2023-08-27,Pending
1454,435,440,2025-04-30,Cancelled
1455,716,44,2023-08-05,Pending
1456,736,393,2024-05-15,Completed
1457,338,105,2023-09-06,Cancelled
1458,572,442,2025-01-15,Cancelled
1459,918,371,2025-07-15,Cancelled
1460,608,467,2025-01-21,Pending
1461,781,326,2023-10-31,Completed
1462,692,366,2023-12-24,Cancelled
1463,492,498,2024-05-08,Pending
1464,484,390,2024-08-18,Cancelled
1465,547,400,2025-04-09,Pending
1466,118,402,2025-05-16,Pending
1467,303,211,2023-08-09,Cancelled
1468,932,360,2023-11-11,Pending
1469,492,278,2024-05-14,Pending
1470,495,61,2024-08-22,Completed
1471,866,5,2024-03-30,Pending
1472,697,377,2024-07-28,Pending
1473,299,406,2024-05-20,Cancelled
1474,78,99,2024-01-01,Pending
1475,453,398,2024-10-09,Pending
1476,682,403,2023-08-15,Completed
1477,192,217,2024-05-16,Pending
1478,277,41,2023-10-31,Completed
1479,147,252,2024-09-27,Completed
1480,969,203,2024-09-16,Cancelled
1481,374,311,2025-03-29,Pending
1482,260,442,2023-10-17,Pending
1483,98,288,2023-11-28,Pending
1484,992,102,2024-10-03,Completed
1485,301,491,2024-10-06,Pending
1486,487,416,2023-11-26,Completed
1487,258,135,2023-10-22,Completed
1488,271,108,2024-10-30,Cancelled
1489,318,7,2024-04-18,Completed
1490,179,344,2024-02-08,Completed
1491,131,24,2024-06-12,Pending
1492,157,280,2024-11-15,Cancelled
1493,582,77,2025-03-09,Cancelled
1494,283,459,2025-05-23,Pending
1495,289,443,2024-02-19,Completed
1496,278,157,2025-01-22,Cancelled
1497,436,321,2024-01-29,Completed
1498,646,322,2024-02-27,Cancelled
1499,287,40,2025-01-24,Pending
1500,919,41,2024-04-30,Cancelled
1501,783,27,2024-09-30,Cancelled
1502,761,25,2025-06-03,Completed
1503,993,305,2025-06-28,Cancelled
1504,974,411,2025-01-09,Completed
1505,388,329,2023-10-13,Pending
1506,13,169,2023-07-23,Pending
1507,684,258,2024-03-25,Cancelled
1508,862,498,2024-04-09,Completed
1509,710,394,2023-08-11,Cancelled
1510,268,97,2023-09-20,Pending
1511,857,192,2024-11-03,Pending
1512,190,345,2024-06-12,Cancelled
1513,760,87,2024-12-06,Pending
1514,537,307,2025-07-12,Completed
1515,757,276,2025-04-27,Cancelled
1516,690,166,2024-11-29,Completed
1517,316,312,2024-01-01,Cancelled
1518,384,463,2024-01-21,Cancelled
1519,461,468,2024-02-28,Cancelled
1520,70,55,2023-10-18,Completed
1521,844,494,2025-07-06,Pending
1522,730,60,2024-01-20,Completed
1523,452,320,2024-12-21,Pending
1524,680,324,2024-01-20,Pending
1525,796,13,2024-12-23,Cancelled
1526,208,334,2023-11-01,Completed
1527,916,270,2024-02-17,Completed
1528,396,149,2024-04-03,Cancelled
1529,320,277,2023-11-06,Pending
1530,85,18,2024-10-03,Cancelled
1531,164,393,2023-10-11,Pending
1532,283,420,2024-05-14,Pending
1533,975,237,2023-11-07,Cancelled
1534,739,354,2023-10-03,Completed
1535,132,132,2024-04-19,Completed
1536,684,147,2023-11-19,Completed
1537,872,165,2025-06-20,Completed
1538,22,72,2024-09-09,Completed
1539,139,311,2023-12-05,Cancelled
1540,526,70,2024-07-11,Cancelled
1541,764,140,2025-04-01,Completed
1542,118,36,2024-03-19,Cancelled
1543,416,271,2024-11-29,Pending
1544,807,163,2023-12-19,Cancelled
1545,860,3,2024-07-26,Completed
1546,183,122,2023-07-29,Pending
1547,378,367,2025-02-06,Cancelled
1548,979,356,2024-08-20,Cancelled
1549,139,424,2024-02-24,Cancelled
1550,256,171,2024-08-06,Completed
1551,330,72,2024-10-30,Completed
1552,669,83,2024-04-29,Cancelled
1553,948,70,2024-02-08,Cancelled
1554,343,171,2025-03-20,Pending
1555,877,496,2024-06-05,Pending
1556,904,164,2024-11-11,Completed
1557,337,52,2023-11-07,Cancelled
1558,886,263,2025-03-08,Cancelled
1559,154,303,2024-01-09,Cancelled
1560,783,143,2024-04-09,Completed
1561,943,270,2025-06-26,Completed
1562,488,179,2025-06-16,Completed
1563,211,314,2023-11-05,Cancelled
1564,219,60,2024-04-16,Completed
1565,119,259,2025-03-01,Cancelled
1566,384,453,2024-09-04,Cancelled
1567,12,214,2023-11-06,Pending
1568,785,399,2025-01-07,Cancelled
1569,404,25,2024-03-30,Pending
1570,170,255,2025-02-26,Pending
1571,40,421,2023-12-30,Cancelled
1572,897,269,2025-06-13,Pending
1573,297,262,2025-06-27,Completed
1574,275,156,2024-07-31,Pending
1575,514,168,2025-05-29,Cancelled
1576,843,317,2023-09-12,Completed
1577,978,152,2024-07-16,Completed
1578,351,205,2025-01-17,Pending
1579,570,9,2025-07-17,Cancelled
1580,818,314,2023-11-18,Pending
1581,254,287,2025-05-01,Cancelled
1582,704,182,2024-07-16,Pending
1583,878,130,2024-05-29,Cancelled
1584,986,105,2023-11-21,Cancelled
1585,168,74,2024-02-28,Completed
1586,519,338,2024-11-25,Completed
1587,803,445,2025-06-20,Cancelled
1588,454,281,2023-08-01,Pending
1589,553,372,2025-06-15,Cancelled
1590,676,404,2024-03-25,Completed
1591,206,75,2024-12-04,Pending
1592,720,52,2025-05-16,Completed
1593,904,142,2024-12-17,Pending
1594,149,374,2024-12-09,Completed
1595,458,172,2023-09-25,Completed
1596,294,304,2024-01-15,Completed
1597,735,379,2023-11-30,Cancelled
1598,544,359,2024-07-23,Pending
1599,625,52,2024-01-11,Completed
1600,934,61,2024-09-23,Pending
1601,979,59,2023-08-10,Pending
1602,216,146,2024-05-23,Pending
1603,86,39,2025-04-24,Pending
1604,380,300,2025-06-24,Cancelled
1605,255,64,2023-10-29,Pending
1606,576,145,2025-03-12,Completed
1607,230,456,2023-08-24,Cancelled
1608,898,310,2024-03-18,Cancelled
1609,138,272,2024-12-25,Cancelled
1610,641,365,2024-10-12,Pending
1611,624,237,2023-12-25,Pending
1612,571,457,2025-04-30,Pending
1613,581,369,2024-03-30,Cancelled
1614,777,381,2023-07-26,Completed
1615,983,260,2025-06-14,Cancelled
1616,143,124,2024-02-21,Completed
1617,216,247,2025-04-16,Pending
1618,626,277,2024-03-30,Completed
1619,106,284,2024-08-04,Completed
1620,899,235,2024-03-28,Pending
1621,341,23,2023-10-23,Completed
1622,182,19,2025-06-25,Completed
1623,173,367,2024-12-21,Cancelled
1624,154,93,2025-03-12,Pending
1625,518,134,2024-10-06,Pending
1626,765,6,2024-11-23,Cancelled
1627,931,267,2024-07-25,Cancelled
1628,931,153,2024-05-11,Completed
1629,564,224,2024-03-21,Cancelled
1630,944,28,2025-07-10,Completed
1631,950,373,2024-11-13,Pending
1632,901,163,2025-04-05,Completed
1633,383,422,2023-10-27,Cancelled
1634,576,47,2024-12-03,Pending
1635,690,299,2024-12-08,Pending
1636,591,170,2025-02-10,Cancelled
1637,389,33,2025-06-10,Cancelled
1638,858,293,2024-12-23,Cancelled
1639,356,247,2025-03-01,Completed
1640,629,147,2025-03-01,Cancelled
1641,471,204,2024-04-19,Completed
1642,38,49,2025-04-13,Completed
1643,732,246,2025-07-10,Cancelled
1644,998,421,2023-10-11,Pending
1645,716,196,2025-04-11,Pending
1646,605,74,2023-11-06,Cancelled
1647,751,489,2024-11-29,Pending
1648,97,187,2023-10-29,Cancelled
1649,127,414,2025-05-06,Pending
1650,591,363,2024-07-10,Pending
1651,120,24,2024-09-05,Cancelled
1652,855,454,2024-03-31,Pending
1653,467,305,2024-05-10,Completed
1654,786,277,2024-12-16,Cancelled
1655,100,336,2023-08-27,Completed
1656,802,202,2023-12-24,Pending
1657,109,119,2024-02-14,Completed
1658,881,326,2023-10-27,Completed
1659,965,208,2023-07-28,Pending
1660,98,79,2024-02-22,Pending
1661,770,224,2024-11-28,Cancelled
1662,858,251,2025-07-03,Completed
1663,574,230,2025-06-28,Cancelled
1664,674,360,2023-12-02,Pending
1665,653,388,2024-09-03,Completed
1666,451,319,2024-09-15,Completed
1667,35,372,2024-08-22,Pending
1668,190,11,2023-08-05,Cancelled
1669,91,214,2024-05-07,Cancelled
1670,238,138,2025-07-22,Cancelled
1671,587,89,2025-01-11,Cancelled
1672,836,455,2025-05-21,Pending
1673,144,425,2024-12-28,Completed
1674,178,459,2025-01-06,Pending
1675,737,106,2024-06-02,Pending
1676,279,90,2025-03-08,Pending
1677,855,398,2025-07-09,Completed
1678,871,72,2025-07-08,Pending
1679,258,188,2023-08-26,Pending
1680,462,133,2023-10-05,Cancelled
1681,159,453,2023-09-03,Pending
1682,105,315,2024-12-14,Completed
1683,994,111,2025-06-24,Completed
1684,199,147,2025-07-17,Pending
1685,394,124,2024-10-17,Cancelled
1686,55,354,2025-05-21,Cancelled
1687,702,337,2025-06-20,Cancelled
1688,397,336,2024-09-25,Cancelled
1689,282,283,2024-10-07,Cancelled
1690,236,14,2023-10-22,Completed
1691,41,260,2024-02-04,Pending
1692,399,354,2024-03-02,Pending
1693,90,156,2025-02-13,Cancelled
1694,799,194,2025-05-19,Pending
1695,616,456,2025-01-08,Completed
1696,978,390,2024-04-12,Pending
1697,774,376,2023-09-15,Cancelled
1698,646,236,2024-10-08,Cancelled
1699,99,57,2024-09-15,Cancelled
1700,28,199,2024-01-22,Pending
1701,207,23,2024-06-07,Pending
1702,508,339,2025-04-18,Completed
1703,949,410,2025-02-13,Completed
1704,114,257,2024-07-29,Cancelled
1705,261,31,2024-01-01,Cancelled
1706,278,417,2023-09-17,Completed
1707,239,352,2024-01-10,Cancelled
1708,274,274,2025-03-14,Pending
1709,985,341,2023-10-11,Pending
1710,680,90,2025-03-21,Pending
1711,235,293,2023-12-10,Completed
1712,191,245,2024-03-01,Pending
1713,999,12,2024-06-18,Pending
1714,222,440,2024-10-06,Completed
1715,10,235,2023-09-27,Completed
1716,193,319,2023-09-29,Pending
1717,915,377,2025-03-11,Pending
1718,59,66,2024-10-22,Cancelled
1719,669,497,2023-08-29,Pending
1720,134,399,2024-07-19,Pending
1721,277,174,2025-05-15,Cancelled
1722,255,65,2024-08-09,Completed
1723,636,212,2024-05-11,Cancelled
1724,601,489,2023-12-31,Cancelled
1725,195,17,2025-05-09,Pending
1726,344,366,2023-11-05,Cancelled
1727,369,152,2024-10-13,Completed
1728,982,163,2023-10-01,Pending
1729,363,244,2023-08-06,Cancelled
1730,916,294,2025-04-23,Pending
1731,315,453,2023-10-23,Completed
1732,483,426,2024-03-24,Cancelled
1733,736,356,2024-04-16,Completed
1734,601,79,2024-09-14,Cancelled
1735,388,153,2024-04-18,Pending
1736,765,146,2025-04-03,Pending
1737,947,443,2025-04-30,Cancelled
1738,445,304,2025-04-16,Pending
1739,282,259,2023-12-21,Completed
1740,822,262,2024-09-15,Cancelled
1741,828,200,2024-12-14,Pending
1742,389,373,2023-10-04,Cancelled
1743,808,373,2025-01-30,Cancelled
1744,21,448,2023-09-24,Cancelled
1745,197,284,2023-12-09,Pending
1746,102,80,2024-10-26,Cancelled
1747,333,70,2024-07-14,Completed
1748,702,255,2024-04-12,Completed
1749,296,279,2023-12-19,Pending
1750,508,372,2024-04-20,Completed
1751,941,128,2024-04-09,Pending
1752,592,84,2025-05-31,Pending
1753,678,489,2025-04-20,Cancelled
1754,320,306,2023-12-27,Completed
1755,933,161,2024-11-03,Cancelled
1756,747,372,2023-08-18,Cancelled
1757,730,89,2025-06-01,Cancelled
1758,259,237,2024-02-09,Pending
1759,476,443,2025-01-18,Cancelled
1760,7,148,2025-01-10,Completed
1761,631,267,2024-03-27,Pending
1762,740,145,2024-01-01,Cancelled
1763,602,460,2024-12-21,Pending
1764,602,372,2023-12-10,Cancelled
1765,924,163,2025-02-05,Completed
1766,698,290,2024-05-26,Cancelled
1767,361,169,2025-02-13,Completed
1768,891,44,2024-10-11,Cancelled
1769,955,171,2024-09-17,Completed
1770,806,321,2025-05-07,Completed
1771,23,100,2023-09-21,Pending
1772,233,275,2024-05-15,Cancelled
1773,546,27,2025-05-20,Cancelled
1774,125,15,2024-09-29,Cancelled
1775,433,102,2024-10-14,Cancelled
1776,295,398,2024-10-24,Cancelled
1777,381,96,2024-04-21,Cancelled
1778,2,156,2023-11-22,Cancelled
1779,457,266,2024-10-23,Cancelled
1780,553,284,2023-10-11,Pending
1781,984,42,2025-04-21,Cancelled
1782,671,301,2023-09-06,Cancelled
1783,794,177,2024-02-15,Cancelled
1784,132,395,2025-07-10,Pending
1785,467,62,2025-03-12,Pending
1786,348,177,2023-08-22,Cancelled
1787,238,243,2024-05-28,Completed
1788,193,149,2023-10-22,Cancelled
1789,363,269,2024-11-04,Cancelled
1790,86,44,2025-02-26,Pending
1791,636,306,2025-03-15,Pending
1792,821,43,2024-06-01,Completed
1793,780,85,2024-11-12,Pending
1794,591,334,2024-12-21,Cancelled
1795,971,50,2024-11-26,Completed
1796,588,379,2024-05-10,Completed
1797,509,179,2025-05-19,Cancelled
1798,16,161,2025-02-02,Pending
1799,599,389,2024-08-15,Completed
1800,958,403,2024-05-13,Pending
1801,69,349,2025-01-10,Completed
1802,562,230,2024-06-04,Completed
1803,588,415,2025-02-15,Completed
1804,90,366,2025-03-28,Completed
1805,905,195,2023-09-02,Completed
1806,565,110,2025-05-20,Completed
1807,912,39,2025-01-22,Pending
1808,921,317,2023-08-16,Pending
1809,302,112,2024-05-04,Pending
1810,783,109,2024-08-26,Cancelled
1811,270,405,2024-11-23,Completed
1812,352,68,2023-09-18,Pending
1813,567,70,2024-10-04,Pending
1814,661,98,2023-08-18,Pending
1815,523,453,2023-12-15,Cancelled
1816,66,241,2024-12-01,Cancelled
1817,16,99,2024-05-24,Completed
1818,284,372,2024-02-10,Pending
1819,518,490,2025-03-10,Pending
1820,620,485,2023-08-17,Cancelled
1821,316,487,2023-08-02,Cancelled
1822,251,243,2024-12-01,Pending
1823,401,131,2023-12-04,Cancelled
1824,697,340,2024-05-11,Pending
1825,926,105,2025-02-07,Completed
1826,647,208,2024-07-24,Pending
1827,512,254,2024-02-17,Pending
1828,341,378,2023-12-27,Pending
1829,482,464,2025-07-08,Pending
1830,841,481,2024-11-18,Pending
1831,3,237,2025-05-14,Completed
1832,145,447,2024-08-12,Pending
1833,522,70,2024-05-20,Completed
1834,74,147,2025-03-29,Pending
1835,504,141,2025-02-09,Cancelled
1836,292,136,2024-10-17,Cancelled
1837,145,442,2023-09-29,Pending
1838,590,256,2025-05-04,Pending
1839,752,116,2024-03-28,Completed
1840,400,68,2025-03-25,Pending
1841,111,121,2024-11-16,Completed
1842,309,152,2024-04-18,Cancelled
1843,912,485,2025-03-31,Completed
1844,214,244,2024-08-23,Pending
1845,492,424,2023-12-05,Cancelled
1846,675,424,2024-02-03,Cancelled
1847,602,18,2024-06-07,Cancelled
1848,740,102,2024-04-09,Pending
1849,324,321,2024-09-29,Completed
1850,806,344,2023-10-31,Pending
1851,621,257,2024-02-03,Completed
1852,741,174,2023-08-05,Pending
1853,352,13,2025-02-02,Pending
1854,117,10,2024-10-02,Pending
1855,251,58,2025-03-08,Cancelled
1856,699,473,2025-03-03,Cancelled
1857,264,28,2024-07-26,Pending
1858,106,144,2024-12-28,Completed
1859,112,315,2024-08-06,Pending
1860,497,350,2024-02-12,Completed
1861,496,340,2024-02-22,Cancelled
1862,273,261,2025-02-04,Pending
1863,496,361,2024-07-17,Pending
1864,446,28,2024-07-25,Completed
1865,8,478,2024-03-15,Pending
1866,136,92,2023-08-17,Cancelled
1867,332,426,2023-09-30,Completed
1868,906,333,2023-09-07,Pending
1869,517,357,2024-12-05,Pending
1870,630,113,2024-12-08,Completed
1871,524,316,2024-06-20,Cancelled
1872,352,130,2024-11-21,Cancelled
1873,965,380,2025-01-05,Cancelled
1874,71,42,2025-02-24,Completed
1875,777,299,2024-12-13,Pending
1876,449,395,2025-04-16,Completed
1877,42,67,2023-11-23,Cancelled
1878,499,339,2025-03-12,Completed
1879,349,84,2025-07-20,Cancelled
1880,236,122,2024-05-24,Pending
1881,560,36,2024-09-06,Completed
1882,547,467,2024-01-04,Pending
1883,774,39,2024-08-18,Cancelled
1884,716,287,2024-04-27,Completed
1885,50,253,2025-02-08,Pending
1886,889,235,2024-11-22,Cancelled
1887,977,352,2024-07-13,Completed
1888,631,287,2024-05-31,Completed
1889,299,292,2023-10-04,Cancelled
1890,218,361,2025-06-23,Pending
1891,152,84,2024-08-24,Pending
1892,644,447,2024-06-29,Pending
1893,661,247,2025-04-09,Pending
1894,191,152,2024-05-13,Pending
1895,257,477,2025-07-16,Pending
1896,746,499,2024-02-02,Cancelled
1897,390,377,2024-05-08,Cancelled
1898,226,209,2025-06-23,Pending
1899,949,242,2024-09-07,Pending
1900,390,479,2024-10-30,Completed
1901,823,243,2024-01-28,Cancelled
1902,255,171,2025-05-26,Completed
1903,235,218,2025-06-10,Cancelled
1904,270,378,2024-03-23,Pending
1905,933,433,2023-10-12,Pending
1906,557,361,2024-05-24,Pending
1907,377,195,2024-06-03,Completed
1908,582,28,2023-10-22,Completed
1909,486,139,2023-12-04,Cancelled
1910,117,453,2024-05-13,Pending
1911,315,403,2024-01-18,Completed
1912,791,44,2025-01-02,Cancelled
1913,374,339,2025-04-16,Cancelled
1914,797,129,2025-03-12,Cancelled
1915,939,396,2024-09-04,Cancelled
1916,227,292,2025-03-05,Pending
1917,753,76,2025-05-14,Pending
1918,466,259,2024-09-05,Pending
1919,478,147,2024-10-19,Pending
1920,472,242,2024-09-27,Pending
1921,406,263,2024-05-01,Completed
1922,502,301,2025-04-02,Completed
1923,189,373,2024-09-06,Pending
1924,934,468,2024-05-22,Pending
1925,721,489,2024-01-26,Completed
1926,979,188,2023-12-17,Completed
1927,361,498,2023-09-14,Cancelled
1928,372,457,2024-11-09,Pending
1929,54,313,2024-12-17,Pending
1930,460,360,2025-06-20,Cancelled
1931,787,288,2025-04-09,Cancelled
1932,114,111,2024-03-07,Cancelled
1933,85,67,2025-03-29,Cancelled
1934,591,364,2023-09-06,Pending
1935,879,133,2024-12-16,Completed
1936,207,248,2024-02-24,Cancelled
1937,810,372,2025-03-03,Completed
1938,147,37,2024-06-22,Cancelled
1939,190,331,2023-08-01,Pending
1940,661,61,2024-05-05,Pending
1941,652,65,2024-02-12,Completed
1942,902,340,2024-07-26,Completed
1943,762,4,2024-03-27,Pending
1944,838,251,2025-01-11,Cancelled
1945,866,269,2025-06-17,Completed
1946,11,423,2024-01-09,Cancelled
1947,499,226,2023-10-30,Cancelled
1948,463,458,2025-03-08,Cancelled
1949,194,321,2023-11-10,Completed
1950,162,348,2023-08-19,Cancelled
1951,62,22,2025-04-25,Completed
1952,735,472,2025-03-13,Cancelled
1953,408,279,2025-05-14,Cancelled
1954,665,159,2024-03-12,Pending
1955,478,111,2025-03-12,Completed
1956,683,397,2025-07-04,Completed
1957,255,132,2024-09-04,Completed
1958,541,256,2024-07-18,Pending
1959,637,453,2024-01-10,Completed
1960,422,303,2025-04-21,Cancelled
1961,819,300,2024-09-15,Pending
1962,991,323,2023-08-08,Completed
1963,993,335,2024-01-13,Completed
1964,913,421,2025-05-25,Cancelled
1965,838,157,2025-03-29,Completed
1966,240,394,2024-05-04,Pending
1967,259,438,2023-12-03,Pending
1968,189,98,2023-09-14,Cancelled
1969,706,361,2024-06-28,Completed
1970,351,17,2024-02-19,Completed
1971,768,21,2023-10-04,Cancelled
1972,503,5,2023-11-13,Completed
1973,735,156,2025-02-28,Cancelled
1974,601,317,2025-06-04,Pending
1975,462,169,2025-01-30,Cancelled
1976,205,287,2025-03-29,Pending
1977,201,321,2023-11-25,Pending
1978,610,353,2023-08-03,Cancelled
1979,259,293,2025-05-14,Completed
1980,129,163,2023-10-13,Cancelled
1981,185,397,2025-03-30,Cancelled
1982,623,120,2024-09-30,Cancelled
1983,147,286,2023-09-20,Pending
1984,398,194,2025-03-08,Pending
1985,352,343,2025-01-27,Pending
1986,853,404,2024-07-05,Completed
1987,277,322,2023-10-16,Completed
1988,477,168,2025-02-20,Pending
1989,817,149,2023-09-05,Completed
1990,488,142,2024-03-02,Cancelled
1991,652,148,2024-12-16,Pending
1992,87,208,2024-06-22,Cancelled
1993,995,100,2024-04-16,Pending
1994,869,360,2024-10-19,Cancelled
1995,787,233,2024-07-22,Pending
1996,933,408,2025-02-01,Cancelled
1997,163,235,2025-01-10,Completed
1998,466,103,2024-11-22,Cancelled
1999,773,191,2023-11-21,Completed
2000,593,489,2025-06-01,Pending
